{
    "profile": {
        "username": "sernaelisafit",
        "full_name": "Elisa 🌀",
        "biography": "Your Favorite San Dimas Personal Trainer 💓 \nWellness | 82.5kg Powerlifter 🌱\n📍@definitionsportherapy.glendora  \n▫️weight loss\n▫️hypertrophy\n▫️strength",
        "followers": 33961,
        "following": 724,
        "post_count": 101,
        "is_private": false,
        "is_verified": false,
        "profile_pic_url": "https://instagram.fecn1-2.fna.fbcdn.net/v/t51.2885-19/582298308_18538364086048415_1076525729080999533_n.jpg?stp=dst-jpg_s320x320_tt6&efg=eyJ2ZW5jb2RlX3RhZyI6InByb2ZpbGVfcGljLmRqYW5nby4xMDgwLmMyIn0&_nc_ht=instagram.fecn1-2.fna.fbcdn.net&_nc_cat=111&_nc_oc=Q6cZ2QF42gIsH5QTbZtXW70o1NBY-I73BoOUeLkmuzeNc-VMrEGWClM4qkJzYzS3psHmAKI&_nc_ohc=N29nWdbwByEQ7kNvwG9x78c&_nc_gid=OwDNTTAopQRyum2gnsn16w&edm=AOQ1c0wBAAAA&ccb=7-5&oh=00_Afl5J7VZ8ViZdn5GTdaCFoKoS6nToqIDPOYTBGBAE6adgQ&oe=69452544&_nc_sid=8b3546",
        "external_url": null,
        "download_timestamp": "2025-12-15T01:10:28.428996",
        "download_tool": "Instagram Downloader v1.0"
    },
    "download_statistics": {
        "total_posts": 10,
        "downloaded_photos": 0,
        "downloaded_videos": 5,
        "downloaded_carousels": 5,
        "failed_downloads": [
            {
                "shortcode": "DIdFyTHxJbe",
                "error": "Login required to access comments of a post."
            },
            {
                "shortcode": "DLySVwxyHpF",
                "error": "Login required to access comments of a post."
            },
            {
                "shortcode": "DF_6R9Qx9kPfSRf_Tzb_KLRmBkZWdzyH0sE6Cg0",
                "error": "Login required to access comments of a post."
            },
            {
                "shortcode": "DSGLWO-EcYG",
                "error": "Login required to access comments of a post."
            },
            {
                "shortcode": "DSGIZsxEiWV",
                "error": "Login required to access comments of a post."
            },
            {
                "shortcode": "DRTd7WrkQkz",
                "error": "Login required to access comments of a post."
            },
            {
                "shortcode": "DQ-68sVkR5-",
                "error": "Login required to access comments of a post."
            },
            {
                "shortcode": "DQ40UpPkmmb",
                "error": "Login required to access comments of a post."
            },
            {
                "shortcode": "DQXAoBhj3oS",
                "error": "Login required to access comments of a post."
            },
            {
                "shortcode": "DPH4JlwEvDy",
                "error": "Login required to access comments of a post."
            }
        ],
        "total_size_mb": 0
    }
}